Click the page heading to list all homepages of contributors to this
wiki.  Some homepages on this wiki were written by someone else.  Some
consider them to be important in order to understand Emacs and XEmacs
lore.

If you are new to wikis, here is how to start:

# Edit this page (see link at the bottom).
# Add your user name to the list (*mixed case, no spaces*, eg. AlexSchroeder).
# Put the same name in the username field further down the page (see UserName for more info).
# Save your changes by clicking "Save".
# Follow the link to your new homepage.
# Edit your page.
# Write a few words about your relationship to Emacs.
# Declare which Emacsen you use, see "Emacs or XEmacs?" below. (optional)
# Paste your InitFile and ##~/.gnus## file... (optional)
# Add a category tag to your homepage: Add the following at the end of the page:

 ----
 CategoryHomepage

* Save your homepage.

== Emacs or XEmacs? ==
List the users of Emacs (GnuEmacs) or [[XEmacs]]:
* [English:search=%22uses%3F+emacs%22+CategoryHomepage&old=1 Emacs users]
* [English:search=%22uses%3F+XEmacs%22+CategoryHomepage&old=1 XEmacs users]

List old-timers and retrohackers:
* [English:search=%22uses%3F+tecoemacs%22+CategoryHomepage&old=1 TecoEmacs users]

If you write "I use Emacs" or "I use XEmacs" on your homepage, you will be listed in one of these two categories. Alternative wordings are also
allowed: "uses Emacs" and "uses XEmacs" work just as well. Your homepage must carry the CategoryHomepage tag for this to work!

List users with RSS feeds on their homepages:

* [http://www.emacswiki.org/cgi-bin/wiki.pl?search=rss%28.%7C%5Cn%29%2ACategoryHomepage&context=0 RSS feeds]

== List of Homepages ==

Please try to keep this list alphabetized (See AlphabetizeHomepageList). It makes finding people much easier.

* AadityaSood, AaronBrady, AaronCrane, AaronHawley, AaronL, AarreLaakso, AbdulBijur, [[abiessu]],  AdamHouston, AdamKerz, AdamShand, AdrianAichner, AdrianKubala, AdrianMrva, [[agg]], [[ahei]], AidanKehoe, AidanSchofield, AkimichiTatsukawa, AlainMellan, AlanMackenzie, AlanSchussman, AlastairHoughton, AlbertoGarcia, AleixConchilloFlaque, AleVesely, AlexandreDulaunoy, AlexandreVassalotti, AlexBennee, AlexChaffee, AlexCoventry, AlexEvstiougov, AlexeyMikhailov, AlexeyRomanov, AlexMidgley, AlexOtt, AlexScherbanov, AlexSchroeder, AlexShinn, AllenBeyeRiddell, AlokSingh, AlvaroMartinez, AmirMohammadSaied, AmitPatel, AmyYoung, AnandPillai, AndersLindgren, AndreasFuchs, AndreasSeltenreich, AndreRiemann, AndrewChoi, AndrewCosgriff, AndrewTaylor, AndrewYates, AndreyBalaguta, AndyChambers, AndyNorman, AndyStewart, AngelinaCarlton, AnilNarayanan, AnilTappetla, AnselmHelbig, AntonKirillov, AntonKulchitsky, AntonNazarov, ArjenWiersma, ArneSchwabe, ArtisRozentals, ArunRavindran, AshishShukla, AviRozen, AxelBoldt, AythamiSantana

* BaijuMuthukadan, BarneyDalton, BarryMargolin, BarryWarsaw, BartTeeuwisse, BasKok, BastienGuerry, BastienGuerryFrançais, BenAtkin, BenCluff, BenjaminDrieu, BenjaminPierce, BenJansens, BenMoseley, BenoitDubois, BenWing, BillBarnard, BillHarris, BillLovett, BillWohler, [[bkhl]], BobDuCharme, BorjaTarraso, BradleyRhodes, BrandonCsSanders, BrandonWMaister, BrennanSharp, BrentGoodrick, BrettKelly, BrianBerry, BrianCully, BrianGough, BrianKavanagh, BrianMasinick, BrianMosher, BrianPalmer, BrianTempleton, BruceDurling, BrunoBonfils, BryanMurdock, BrYanPJohnson, [[bxy]]

* CafeIne, CareyEvans, CarlLunde, CarlMeyer, CarsonReynolds, CarstenDominik, CecilioPardo, CedricLallain, CharlesPhilipChan, CharlesSebold, CharlesStewart, CharlesWaldman, CharlieMartin, [[chmouel]], ChongYidong, ChrisBall, ChrisBurgess, ChrisForno, ChrisGreen, ChrisL, ChrisLowis, ChrisMcMahan, ChrisMoore, ChrisParsons, ChristianJauvin, ChristianQueinnec, ChristianRidderstroem, ChristofferSHansen, ChristophConrad, ChristopherKelty, ChristopherMBalz, ChristopherSmith, ChristopherSuckling, ChristophWedler, ChrisWebber, ClairChing, ClaireConnelly, ClaudineChionh, ClausBrunzema, ClemensFischer, CliffordAdams, ClintLaskowski, ColdBlue, ColinMarquardt, ColinWalters, CraigFinseth, CraigLennox, CraigMcDaniel, CrivetiMihai, CyprianLaskowski

* [[Dabian]], DaleHagglund, DaleHawkins, DaleMellor, DaleSmith, DamienElmes, DamyanPepper, DanAnderson, DanDebertin, DanielBrockman, DanielClemente, DanielColascione, DanielHackney, DanielLundin, DanielMartins, DanielNeri, DanKruchinin, DanLipsitt, DanMcCarthy, DanMoniz, DanMuller, DannyQuah, DaveBenjamin, DaveGillespie, DaveKerschner, DaveLove, DavePearson, DavePeck, DavidAndersson, DavidAspinall, DavidBakhash, DavidBoon, DavidBrady, DavidCobb ([::SuperBiskit]), DavideAngelocola, DavidEddyshaw, DavidEdmondson, DavidElentok, DavidHansen, DavidLindquist, DavidMasterson, DavidMcCabe, DavidNovogrodsky, DavidOShea, DavidOtoole, DavidReitter, DavidSpreen, DavidVázquez, DavisHerring, DeanScarff, DeDaLu, DeepakGoel, DenisHowe, DenisRevin, DennisMarti, DerekPeschel, DianeMurray, DidierRemy, DieterWilhelm, DimitriFontaine, DmitriAlenitchev, DmitriBrechalov, [[dmr]], DominicCronin, DominicMitchell, DonaldKnuth, [[dondelelcaro]], [[Doom]], DougAlcorn, DougLuce, DougRansom, DrewAdams, DrewRaines, DryiceLiu, DuncanMak, DuncanMortimer, [[dust-puppy]], DylanMoonfire

* [[eadmund]], [[edA-qa]], EdgarDenny, EdgarGonçalves, EduardoOchs, EdwardOConnor, EdwardReingold, EdwinDoom, EhudKarni, EliBarzilay, EliZaretskii, EmilioLopes, EmmanuelOkyere, EmreSahin, EngelkeEschner, EnigmaCurry, EraEriksson, EricAbrahamsen, EricBates, EricHanchrow, EricHansander, EricLudlam, EricMarsden, EricPement, EricSchulte, ErikBourget, ErikHetzner, ErikHilsdale, ErikNaggum, EsbenStien, EtFb, EugeneMarkov, EugeneMorozov, EvgeniySharapov, EvgueniBaldin, EwoutStam, [[Exal]]

* FabianGallina, FabienPenso, FabioViola, FabriceGabolde, FabriceNiessen, [[fanghong]], FariedNawaz, FedericoBuiles, FelipeCsaszar, FelipeLalli, FelixKlee, [[firewalrus]], FlorianEbeling, FrancescRocher, FrancisJWright, FrancoisDenisGonthier, FrankGerhardt, FrankRuell, FrankShearar, FranLitterio, FranRogers, FranzBrummer, FrançoisPinard, FredrikSteen, FridemarPache

* GabrielMillerd, GarethRees, GauteHvoslefKvalnes, GeoffreyTeale, GeoffroyCarrier, GeraldSussman, GiorgosKeramidas, GirishB, GlauberPrado, GoetzWaschk, GrantBowman, GregChernov, GregDetre, GregFenton, GregNewman, GregorMitsch, GregScott, GrigoryBakunov, GuillermoNavarro, [[Gunnar_Wrobel]], GustavoBarbieri, GuySteele, [[Gyom]], [[gavenkoa]]

* HannesRist, HansHalvorson, HarleyGorrell, HendaGod, HenrikEnberg, HenrikJönsson, HenrikSHansen, HenryWeller, HerbertDampel, [[Hesenrre]], HiroseYuuji, HoanTonThat, HroptaTyr, HynekSchlawack, HaroldGutierrez

* IanYang, IeltonFerreira, IgnacioPazPosse, IlyaMartynov, [[irie]], IsaacRaway, [[Ismail Donmez]], IvanAndrus, IvanKorotkov, IzaakBeekman

* JakubHozak, JakubNarebski, JamesClark, JamesFerguson, JamesGosling, JamesKnight, JamesMastros, JamieZawinski, JanAlonzo, JariAalto, JariAlto, JarryHolis, JasonMcBrayer, JasonRiedy, JasonTerk, JayBelanger, JaySkeer, JeanPhilippeTheberge, JeffBowden, JensPetersen, JerameyCrawford, JeremyCowgar, JeremyHankins, JeroenMostert, JeromeRadix, JerryChen, JesperHarder, JesseAlama, JesseWeinstein, JessRobinson, JimBlandy, JimMenard, [[jj]], JoachimMathes, JoachimNilsson, JoakimVerona, JoaoCachopo, JodyKlymak, JoeBloggs, JoeCasadonte, JoeCorneli, JoeHealy, JoeKeane, JoelAdamson, JoelHolveck, JohanBockgård, JohanBusk, JohannesGijsbers, JohanSprång, JohnAnderson, JohnBeppu, JohnBrow, JohnCarter, JohnClements, JohnConnors, JohnFoerch, JohnHAnthony, JohnKozak, JohnMcCarthy, JohnMitchell, JohnPalmieri, JohnPaulWallington, JohnRiggs, JohnSturdy, JohnSullivan, JohnWiegley, JohnYeung, JonasBernoulli, JonasOster, JonathanArkell, JonathanArnold, JonathanGlauner, JonathanGonzalez, JonathanSimms, JonathanYavner, JonathasCarrijo, JongKyu, JoonhwanLee, JorgeLeon, JorgenSchaefer, JoyerHuang, JoseAntonioOrtegaRuiz, JoseEMarchesi, JosephDreamer, JosephGay, JosephKiniry, JosephLCasadonteJr, JoshRobb, JoshuaGuttman, [[jpkotta]], JuanGarcia, JuanLeonLahozGarcia, JuhapekkaTolvanen, JulienBarnier, JuneTate, JuriLinkov, JussiHaverinen, JustinJiang, JérômeMarant

* [[k1LoW]], KahlilHodgson, KaiGrossjohann, KalleOlaviNiemitalo, KalyanaSundaram, KamenNedev, KaNis, KarlFogel, KarolyLorentey, KazuoYAGI, KellyFelkins, KenjiImakado, KenManheimer, KentPitman, KevinBuchs, KevinBurton, KevinRodgers, KevinRyde, KevinTurner, KevinWalzer, [[khi]], [[khiker]], KhuongDinhPham, KimStorm, KirillKuvaldin, KonstantinAntipin, Kri, KrishnaSundaresan, KristinaSpurgin, KristjánJónasson, [[Kruhft]], KyleHamilton, KyleJones, KyleMcMartin

* LanceWang, [[Lars Brinkhoff]], LarsBungum, LarsChrHausmann, LarsMagneIngebrigtsen, LaurentLaffont, LawrenceMitchell, LeighKlotz, LennartBorgman, LeonardoBoshell, LeonardoEtcheverry, LeonidKrashenko, LeonLuen, [[leooo]], LesHarris, LesleyBinks, LesOrchard, LingWang, LinhDang, LionKimbro, PengLiu, LorenzoGherdovich, LouisePryor, LucaCapello, LucasBergman, LucasBonnet, LuisFernandes, LukaszStafiniak, LukeGorrie, LynHeadley

* MacChan, MaciejKalisiak, MaciejKatafiasz, [[maddog]], MadhuVenugopal, [[madsj]], MagnusHenoch, MaherGamal, MaheshAravind, MalcolmPurvis, [[marc0]], MarcAndreessen, MarceloToledo, MarcGirod, MarcoBakera, MarcoDallaStella, MarcoGidde, MarcoMaggesi, MarcoWahl, MarcusGeiger, MarekBuras, MarioDomgoergen, MarioFrasca, MarioLang, MarioPeter, MarioStorti, MariusVollmer, MarkAHershberger, MarkBucciarelli, MarkFeber, MarkHershberger, MarkHulmeJones, MarkOakden, MarkTKennedy, MarkTriggs, MarkusKnittig, MartinBaeuml, MartinBlais, MartinNordholts, MartinPool, MartinReed, MartinSchoenmakers, MartinSchwenke, MartinSlater, MartinStemplinger, [[Maruyama]], MathiasDahl, MathiasKegelmann, [[Matsushita]], [[Matsuyama]], MattArmstrong, MattBirkholz, MatthewFreeman, MatthewKennedy, MatthewMoore, MatthewOzor, MatthewSmith, MatthieuLemerre, MattHodges, MattKeller, MattLundin, MattPerry, MaximKim, MichaelAbrahamShulman, MichaelangeloGrigni, MichaelBarillier, MichaelCampbell, MichaelCook, MichaelHerstine, MichaelJohnDownes, MichaelKifer, MichaelLabbe, MichaelMason, MichaelMauger, MichaelOlson, MichaelSoulier, MichaelWeber, MichealMcEvoy, MicheleBini, MickaëlMenu, [[Miguel]], MikaelBrockman, MikeFisher, MikeNewman, MilesBader, [[mindlube]], MohebMissaghi, MohsinAhmed, MyrkraVerk

* NascifAbousalhNeto, NealePickett, NealStephenson, NeilVanDyke, NelsonFerreira, NelsonMinar, NicFerrier, NickCaruso, NickRoberts, NicolaPaolucci, NielsGiesen, NoahFriedman, NooBoo, NoufalIbrahim, [[NurullahAkkaya]], [[Nyuhuhuu]]

* OlafSylvester, OleArndt, OlgierdZiolko, OliverHeidelbach, OliverScholz, OlivierRamare, OlivierRamonat

* PaddyMullen, [[Patrick Gundlach]], PatrickAnderson, PatrickHawkins, PatrickNiemeyer, PatThoyts, PaulBranco, PaulGoins, PaulJohnson, PaulKinnucan, PaulLussier, PaulMRodriguez, PaulRivier, PaulTipper, PaulWilson, PekingDuck, PerAbrahamsen, PerSederberg, PeterBarabas, PeterGalbraith, PeterHeslin, PeterHousel, PeterHua, PeterJohansson, PeterJones, PeterKarpiuk, PeterMao, PeterMielke, PeterMilliken, PeterSalvi, PeterWiersig, [[Petteri]], PhilHagelberg, [[PhilJackson]], PhilSuh, PhilSung, PierreGaston, PierreJeanTurpeau, PiotrMieszkowski, [[piyo]], [[primewizard]], [[PTWithy]]

* QichenHuang, QinGW, QirbCameled

* RagnarHedenskog, RamakrishnanMuthukrishnan, [[Ramkumar]], RaymondZeitler, [[recyclebin5385]], RemVee, RenkeGrunwald, [[Renzo_Been]], RhoderickEspineda, RichardHarris, RichardKim, RichardRiley, RichardStallman, [[Rick Bielawski]], RinoMardo, RiteshSood, RobChristie, RobDavenport, RobertAndersson, RobertBrook, RobertGoldman, RobertHamrick, RobertWilliams, RobinMunn, RobinSocha, RockEm, RockyDd, RodrigoLazo, RodrigoWanderley, RomainFrancoise, RomanLagunov, RonanWaide, RonnyL, RonPerrella, RossLonstein, RoyMathew, [[RBerenguel]],[[rubikitch]], RubyDosZapatas, RupertSwarbrick, RuslanKosolapov, RussGibson, RustomMody, RyanBarrett, RyanBowman, RyanDavis, RyanSpringer, RyanTSammartino, RyanThompson, RyanYeske

* SachaChua, SaFanaj, SamGeorge, SamiSalkosuo, SamuelBronson, SamuelTesla, SatyakiDas, SaurabhKapoor, SchemeLab, [[Schwallex]], ScoBe, ScottAndrewBorton, ScottEvans, ScottFrazer, ScottLanning, SeanMBurke, SeanMcCune, SeanO, SebastianBlatt, SebastianFreundt, SebastianKnapp, SebastianRose, SebastienKirche, SebastienRoccaSerra, SebLuque, SeiichiNamba, SeijiZenitani, SeongKookShin, SergioMujica, SewerynKokot, ShadyTrees, ShaeErisson, ShaiHirsch, ShaunJohnson, ShawnBoyette, [[Shoban|Shoban Jayaraj]], [[Simon Nuttall]], SimonJosefsson, [[Sivaram N]], SorenLund, [[Spacebat]], [[Sridhar]], SridharRatna, SriramKarra, StanislavIvankin, StefanBruda, StefanKamphausen, StefanKangas, StefanMonnier, StefanReichoer, StefanVogel, StefanVollmar, StefanWerner, SteffenSchwigon, SteinarBoermer, StephenEglen, StephenGilbert, StephenTurnbull, SteveByrne, SteveElkins, SteveHowell, SteveKemp, SteveTaylor, SteveTolkin, SteveWainstead, SteveYegge, SteveYoungs, StewartBryson, StianSelnes, [[Sucha]], [[Sugawara]], SunirShah, SurajAcharya, SurendraSinghi, SureshVenkat, [[sylecn]], SylvainBougerel, SysTems

* [[T_V_Raman]], TadAshlock, TamasPatrovics, TammyCravit, [[tankboy]], TassiloHorn, TauPan, TaylorVenable, TedGordon, [[tekonivel]], TerrenceBrannon, TerryJones, TerryPatcher, ThatcherUlrich, TheAnarcat, TheApprentice, TheronTlax, ThienThiNguyen, ThierryVolpiatto, ThomasStromberg, ThomasTempe, ThomasWaldmann, ThorbjoernRavnAndersen, TiagoCamargo, TimAnderson, TimHermans, TimOCallaghan, TimotheeBesset, TimPotter, [[tius]], TjIc, TobyCubitt, TobyHaynes, [[Tom_Robinson]], TomBreton, TomHundt, TomohikoMorioka, TomPierce, TomRauchenwald, TomRoche, TomShannon, TomTromey, TomWright, TonyRossini, TorstenAnders, TorstenHilbrich, TravisBarker, TravisHartwell, TrentBuck, TreyJackson, TroelsKn, TrulsArnegaard, TyeZ, TylerSpivey

* UlfJasper, UlfRompe, UlrichMüller

* VagnJohansen, ValShaq, ValvassoriMoise, VanceSimpson, VdS, VegardOye, VictorPeinado, VilleRintala, VincentFoley, VincenzoDiSomma, ViniciusJoseLatorre, VitalyOstanin, VivekDasmohapatra, [[voidSakai]], VyazovoiPavel

* WalterHiggins, [[Wang_ChunYe]], WassilyKondratiev, [[Wctang]], WeakishJiang, WeiWeng, WenZhang, WiKen, WillGlozer, WilliamHenney, WilliamWong, WilliamXu, WolfmanJM, WuXiaochun

* [[Xah Lee]], XavierMaillard, XinShi

* YakovZaytsev, YannHodique, YannickWurm, [[Ye_Wenbin]], YesudeepMangalapilly, YoniRabkinKatzenell, YujiMinejima, YuLi

* ZacharyMcGrew, ZajcevEvgeny, ZakElep, ZedLopez, [[zeliboba]], [[zetetic]], zwz

== Discussion ==
This emacs wiki also has homepages for famous Emacs and XEmacs hackers. We
do not distinguish between homepages of wiki contributors,
emacsen hackers, or famous people connected to emacsen history.  
If you decide to setup a homepage, either for yourself or another emacsen hacker or person connected with emacsen history, please add as much of the following information to your page as you feel appropriate.  If you are creating this page for yourself, that is your call; if you are creating this page to refer to another, a decent respect for their privacy would dictate that you only include information they have made publicly available on the Web.  Items of interest:

* Your (or *known* emacsen hacker or famous person connected with emacsen history) off-site homepage
* Your/their (if self-published on Web) nick on #emacs
* Your/their URL for non-Emacs Wiki homepage, on-line diary, web log, blog, live journal, etc.
* Your/their (if self-published on Web) real email address
* Your/their interests, proficiency, 'road to emacs', and esp., contributions to emacs
* which emacs you/they use (i.e., for your *own* EmacsWiki homepage, either "I use Emacs" or "I use XEmacs"; for an Emacs Wiki homepage you are creating to refer to another person, i.e., an emacsen hacker or famous person associated with emacsen history, "uses Emacs" or "uses XEmacs", if known.
